Time,25_6
0,0
0.017,8.102756892
0.033,10.12732558
0.05,11.73288114
