Time,35_1
0,0
0.017,4.923913043
0.033,8.558183596
0.05,10.77309524
