Time,35_5
0,0
0.017,1.230981595
0.033,2.622977755
0.05,3.897473943
0.067,4.813303319
0.083,5.692291105
