Time,25_6
0,0
0.017,7.003053931
0.033,8.670060332
0.05,10.17142266
