Time,5_1
0,0
0.017,3.049342105
0.033,4.855263158
0.05,7.591803279
0.067,9.323298719
