Time,5_6
0,0
0.017,3.052232855
0.033,5.532178932
0.05,7.552142857
0.067,8.894179894
0.083,10.56035539
