Time,35_3
0,0
0.017,0.935896948
0.033,1.378232281
0.05,1.783568198
0.067,2.176496164
0.083,2.48983209
0.1,2.828596288
