Time,25_5
0,0
0.017,2.925084175
0.033,5.393241627
0.05,7.758202247
