Time,25_4
0,0
0.017,7.713307241
0.033,10.03251812
0.05,12.19085071
