Time,5_6
0,0
0.017,2.194940476
0.033,3.570112179
0.05,5.55885506
0.067,7.27100271
0.083,7.768498943
0.1,9.637962963
0.117,11.75183824
0.133,13.5162037
