Time,5_3
0,0
0.017,1.019868035
0.033,2.098116505
0.05,3.18024055
0.067,4.202780647
0.083,5.395833333
