Time,5_5
0,0
0.017,3.588709677
0.033,6.468216775
0.05,8.612143023
0.067,9.987256372
0.083,11.40924658
