Time,5_5
0,0
0.017,1.038326586
0.033,3.031215162
0.05,4.544817927
0.067,6.028301887
0.083,7.006610577
