Time,5_2
0,0
0.017,0.597334564
0.033,1.223804284
0.05,2.043983347
0.067,2.534919495
0.083,3.106372104
