Time,15_2
0,0
0.017,2.866308965
0.033,6.993710692
0.05,9.448652291
