Time,35_2
0,0
0.017,12.05169455
0.033,13.17995169
0.05,15.12559328
