Time,5_4
0,0
0.017,1.596153846
0.033,3.018050847
0.05,4.37698939
0.067,5.77622807
0.083,7.038406058
0.1,8.389880952
