Time,25_2
0,0
0.017,2.754784689
0.033,5.560282939
0.05,8.384337861
0.067,11.16351321
0.083,12.93764368
