Time,35_2
0,0
0.017,4.052808544
0.033,7.185771979
0.05,10.1220067
