Time,35_6
0,0
0.017,1.453032129
0.033,2.975998807
0.05,4.278615452
0.067,5.258611263
0.083,6.087809461
