Time,35_3
0,0
0.017,5.979752771
0.033,10.15565969
0.05,12.14526468
