Time,5_1
0,0
0.017,1.016614976
0.033,2.168955399
0.05,3.882675439
0.067,5.090460948
0.083,6.199454592
0.1,7.575605901
