Time,15_5
0,0
0.017,2.989427346
0.033,4.859111722
0.05,5.813718141
0.067,6.3201373
0.083,8.201025892
0.1,9.205305405
