Time,35_6
0,0
0.017,11.0234825
0.033,13.46769203
0.05,15.43037859
