Time,35_4
0,0
0.017,8.919892473
0.033,11.22359005
0.05,13.03746286
0.067,13.89132184
