Time,35_4
0,0
0.017,7.184210526
0.033,9.489098837
0.05,11.84130364
