Time,15_3
0,0
0.017,2.70045819
0.033,5.020292689
0.05,7.321003401
0.067,8.966902145
0.083,10.99882271
