Time,35_5
0,0
0.017,5.144649621
0.033,7.316556892
0.05,9.550074794
0.067,10.92628722
