Time,5_4
0,0
0.017,2.504644809
0.033,5.036885246
0.05,7.00441749
0.067,8.604654567
0.083,10.01421569
