Time,5_3
0,0
0.017,3.984237939
0.033,6.973014392
0.05,10.3775264
0.067,10.4530303
0.083,13.01063492
