Time,5_6
0,0
0.017,2.021260997
0.033,3.00834821
0.05,4.036454398
0.067,4.888135228
0.083,6.568518519
