Time,35_2
0,0
0.017,0.850536068
0.033,1.159767966
0.05,1.446452128
0.067,1.709991847
0.083,1.96635679
0.1,2.222361934
