Time,35_1
0,0
0.017,1.362964622
0.033,2.549461932
0.05,3.538192118
0.067,4.42950237
0.083,5.206954887
