Time,15_2
0,0
0.017,0.834914681
0.033,1.230622804
0.05,1.679293298
0.067,1.979001874
0.083,2.726780627
0.1,3.032843137
