Time,5_2
0,0
0.017,1.709053417
0.033,4.168831169
0.05,6.341052403
0.067,7.389359595
