Time,25_1
0,0
0.017,0.667660788
0.033,1.013978755
0.05,1.355409581
0.067,1.650142511
0.083,1.957316237
0.1,2.230132902
