Time,35_1
0,0
0.017,1.263930348
0.033,2.352900268
0.05,3.344765893
0.067,4.217741935
0.083,4.967117206
0.1,5.624353076
