Time,25_4
0,0
0.017,6.01913818
0.033,8.386060606
0.05,10.48066188
