Time,5_2
0,0
0.017,1.717213115
0.033,3.145098039
0.05,5.174540209
0.067,6.384672619
0.083,7.680268199
