Time,15_6
0,0
0.017,0.372718837
0.033,0.804059522
0.05,1.155070755
0.067,1.842984005
0.083,1.946296755
0.1,2.394733045
