Time,15_5
0,0
0.017,1.174676503
0.033,2.387482663
0.05,3.278013582
0.067,4.102986915
0.083,5.411854103
