Time,25_5
0,0
0.017,4.822028986
0.033,8.396296296
0.05,10.87685815
