Time,15_4
0,0
0.017,3.171807359
0.033,4.507643347
0.05,5.844440213
0.067,7.53192438
0.083,8.861498258
0.1,9.711165049
