Time,15_1
0,0
0.017,1.626615313
0.033,1.972624799
0.05,2.922312063
0.067,3.023355485
0.083,4.217339816
