Time,15_5
0,0
0.017,4.888949079
0.033,8.134883508
0.05,10.52450271
0.067,12.37767072
