Time,5_6
0,0
0.017,2.538412564
0.033,5.16251165
0.05,7.482142857
0.067,9.859444444
