Time,15_2
0,0
0.017,5.106972789
0.033,10.95573095
0.05,13.39509804
