Time,35_5
0,0
0.017,3.946505376
0.033,7.736818508
0.05,11.07467532
