Time,35_3
0,0
0.017,1.51822591
0.033,2.927475556
0.05,4.131772053
0.067,5.184579439
0.083,6.032998538
