Time,35_4
0,0
0.017,3.206947677
0.033,4.37411843
0.05,5.575946468
0.067,6.505450862
0.083,7.400139976
