Time,25_4
0,0
0.017,7.127191413
0.033,10.41149711
0.05,12.63304384
0.067,14.11381307
