Time,25_4
0,0
0.017,2.021140804
0.033,3.889300718
0.05,5.436411553
0.067,6.83483356
0.083,7.832824453
