Time,5_3
0,0
0.017,0.645275196
0.033,0.951448102
0.05,1.391614807
0.067,1.951552096
0.083,2.291820468
