Time,15_6
0,0
0.017,4.10060307
0.033,7.079131054
0.05,9.459220937
0.067,11.82599256
0.083,13.02518315
