Time,35_5
0,0
0.017,6.998167888
0.033,9.665301205
0.05,11.49598394
