Time,15_1
0,0
0.017,4.591578483
0.033,7.982764748
0.05,11.10390625
