Time,25_3
0,0
0.017,4.514003044
0.033,8.127804487
0.05,10.6631999
