Time,15_1
0,0
0.017,1.449138871
0.033,2.952803918
0.05,4.053602472
0.067,4.778813807
0.083,6.29169293
