Time,5_1
0,0
0.017,1.495879709
0.033,3.081939082
0.05,5.378703254
0.067,7.37197724
