Time,25_4
0,0
0.017,2.446574494
0.033,3.611966316
0.05,4.516180679
0.067,5.482549858
0.083,6.273847282
