Time,25_6
0,0
0.017,2.865155678
0.033,4.240558511
0.05,5.444858871
0.067,6.477892287
0.083,7.316252588
