Time,35_2
0,0
0.017,2.847222222
0.033,3.774788795
0.05,4.757383041
0.067,5.409064108
0.083,6.121339286
0.1,6.756313933
