Time,25_1
0,0
0.017,2.341062654
0.033,4.613440041
0.05,6.644101543
