Time,5_4
0,0
0.017,1.567633866
0.033,2.534847199
0.05,4.27898163
0.067,4.735047299
0.083,5.523603462
0.1,6.292703114
