Time,35_1
0,0
0.017,9.575704225
0.033,11.92850079
0.05,13.75865385
0.067,14.41102941
0.083,15.49461553
