Time,25_5
0,0
0.017,1.317509613
0.033,2.459699415
0.05,3.346481059
0.067,4.123163208
0.083,4.696244266
