Time,25_3
0,0
0.017,0.556766752
0.033,0.850174017
0.05,1.12592536
0.067,1.395706459
0.083,1.652780777
0.1,1.886126894
