Time,25_2
0,0
0.017,1.567283951
0.033,3.222483091
0.05,4.645056936
0.067,5.769548647
0.083,6.679761905
