Time,5_3
0,0
0.017,1.625620347
0.033,4.02672956
0.05,6.846267876
0.067,7.697855413
0.083,10.15761047
