Time,25_3
0,0
0.017,3.137896825
0.033,6.020138889
0.05,8.785452962
0.067,10.99334734
