Time,5_6
0,0
0.017,0.381626647
0.033,0.941952922
0.05,1.386150758
0.067,1.903799408
0.083,2.221961462
