Time,25_3
0,0
0.017,5.070646596
0.033,8.486792995
0.05,10.72549288
