Time,5_4
0,0
0.017,0.379257368
0.033,0.845571096
0.05,1.294344192
0.067,1.670763621
0.083,2.030292332
0.1,2.574274427
0.117,2.998507529
