Time,35_3
0,0
0.017,4.76533189
0.033,8.770754717
0.05,10.40016079
