Time,5_1
0,0
0.017,0.608813647
0.033,0.756907059
0.05,1.121729677
0.067,1.291057797
0.083,1.982853869
