Time,15_6
0,0
0.017,1.420681987
0.033,2.763049451
0.05,4.112897789
0.067,5.117951318
0.083,6.690656566
