Time,15_5
0,0
0.017,2.847051312
0.033,5.45855615
0.05,8.185470779
