Time,5_5
0,0
0.017,1.023578363
0.033,2.328245828
0.05,3.522222222
0.067,4.713167836
0.083,5.326475352
