Time,5_4
0,0
0.017,2.195770967
0.033,5.702680998
0.05,8.627996575
0.067,10.40793651
0.083,10.69076962
