Time,15_4
0,0
0.017,4.54877451
0.033,7.704022989
0.05,10.44047619
