Time,25_1
0,0
0.017,2.047961631
0.033,3.921948357
0.05,5.741146319
0.067,7.003242817
0.083,7.989764493
