Time,15_2
0,0
0.017,3.540117417
0.033,5.495086361
0.05,6.002318841
0.067,7.71630094
