Time,25_1
0,0
0.017,7.590099715
0.033,10.5842814
0.05,12.7278467
