Time,15_6
0,0
0.017,5.849487179
0.033,8.768324895
0.05,10.83405707
0.067,13.34739795
