Time,25_2
0,0
0.017,4.809732384
0.033,6.751472274
0.05,8.260843929
