Time,35_3
0,0
0.017,3.927884615
0.033,7.336309524
0.05,10.3163282
