Time,35_2
0,0
0.017,11.48119048
0.033,12.86170848
0.05,14.05786196
