Time,25_1
0,0
0.017,8.100367647
0.033,10.97969771
0.05,12.94858985
