Time,5_5
0,0
0.017,0.550231481
0.033,0.971537456
0.05,1.482305195
0.067,1.950746812
0.083,2.128205686
