Time,15_3
0,0
0.017,1.127282595
0.033,1.66422337
0.05,2.307447939
0.067,2.791508808
0.083,3.684724743
0.1,3.98035488
