Time,5_2
0,0
0.017,3.499665179
0.033,4.870039683
0.05,7.599823944
0.067,8.968703148
0.083,10.97739899
0.1,12.18412698
