Time,25_2
0,0
0.017,4.667279412
0.033,8.034902597
0.05,11.57474392
