Time,35_6
0,0
0.017,2.689747018
0.033,4.104682082
0.05,5.384992608
0.067,6.445594819
0.083,7.261423181
