Time,35_5
0,0
0.017,8.130749064
0.033,11.88709677
0.05,13.60271624
