Time,15_1
0,0
0.017,3.703518908
0.033,7.5
0.05,9.778787879
0.067,13.01355468
