Time,35_1
0,0
0.017,5.337246964
0.033,9.650645624
0.05,11.71311604
