Time,25_5
0,0
0.017,4.381157635
0.033,8.178025852
0.05,10.35603758
