Time,25_2
0,0
0.017,4.205754999
0.033,5.708760951
0.05,7.661651235
0.067,8.712797619
