Time,15_4
0,0
0.017,4.92134335
0.033,7.443766347
0.05,9.622528249
0.067,11.4243295
0.083,12.89196429
