Time,5_3
0,0
0.017,0.891721491
0.033,2.571969697
0.05,3.827198212
0.067,5.363561848
0.083,6.36767024
0.1,8.437820513
