Time,15_3
0,0
0.017,2.935824625
0.033,6.488077588
0.05,9.742011494
0.067,12.48367347
