Time,35_6
0,0
0.017,3.590397324
0.033,6.677421748
0.05,8.637157195
