Time,35_4
0,0
0.017,8.92072107
0.033,11.31655389
0.05,13.46671456
