Time,5_2
0,0
0.017,2.251339136
0.033,3.602511682
0.05,4.703048509
0.067,5.554785178
