Time,35_4
0,0
0.017,2.756514488
0.033,5.138279511
0.05,7.045511203
0.067,8.368984311
