Time,25_6
0,0
0.017,0.261722689
0.033,0.500084034
0.05,0.752871822
0.067,1.031206815
0.083,1.3080031
0.1,1.591461894
0.117,1.846750863
