Time,35_6
0,0
0.017,4.320143081
0.033,8.573041045
0.05,11.70204533
