Time,25_6
0,0
0.017,3.107892882
0.033,4.442452537
0.05,5.601715686
0.067,6.614764154
