Time,15_4
0,0
0.017,0.47275931
0.033,1.084210899
0.05,1.620957901
0.067,2.068707836
0.083,2.622410336
