Time,25_3
0,0
0.017,1.501688152
0.033,2.992969915
0.05,4.220619587
0.067,5.160883691
0.083,6.012829116
