Time,25_5
0,0
0.017,2.976581695
0.033,4.211313236
0.05,5.335473598
0.067,6.264426657
0.083,7.037177927
0.1,7.650232919
