Time,5_5
0,0
0.017,1.472488332
0.033,3.633454106
0.05,5.463920455
0.067,7.337264151
0.083,8.746361186
