Time,15_3
0,0
0.017,4.405102748
0.033,7.932555781
0.05,11.67906746
